rank,city,state,population,growth
1,New York,New York,8405837,0.05
2,Los Angeles,California,3884307,0.05
3,Chicago,Illinois,2718782,-0.06
4,Houston,Texas,2195914,0.11
5,Philadelphia,Pennsylvania,1553165,0.03
6,Phoenix,Arizona,1513367,0.14
7,San Antonio,Texas,1409019,0.21
8,San Diego,California,1355896,0.11
9,Dallas,Texas,1257676,0.06
10,San Jose,California,998537,0.11
11,Austin,Texas,885400,0.32
12,Indianapolis,Indiana,843393,0.08
13,Jacksonville,Florida,842583,0.14
14,San Francisco,California,837442,0.08
15,Columbus,Ohio,822553,0.15
16,Charlotte,North Carolina,792862,0.39
17,Fort Worth,Texas,792727,0.45
18,Detroit,Michigan,688701,-0.27
19,El Paso,Texas,674433,0.19
20,Memphis,Tennessee,653450,-0.05
21,Seattle,Washington,652405,0.16
22,Denver,Colorado,649495,0.17
23,Washington,District of Columbia,646449,0.13
24,Boston,Massachusetts,645966,0.09
25,Nashville-Davidson,Tennessee,634464,0.16
26,Baltimore,Maryland,622104,-0.04
27,Oklahoma City,Oklahoma,610613,0.2
28,Louisville/Jefferson County,Kentucky,609893,0.1
29,Portland,Oregon,609456,0.15
30,Las Vegas,Nevada,603488,0.25
31,Milwaukee,Wisconsin,599164,0
32,Albuquerque,New Mexico,556495,0.24
33,Tucson,Arizona,526116,0.08
34,Fresno,California,509924,0.18
35,Sacramento,California,479686,0.17
36,Long Beach,California,469428,0.02
37,Kansas City,Missouri,467007,0.06
38,Mesa,Arizona,457587,0.14
39,Virginia Beach,Virginia,448479,0.05
40,Atlanta,Georgia,447841,0.06
41,Colorado Springs,Colorado,439886,0.21
42,Omaha,Nebraska,434353,0.06
43,Raleigh,North Carolina,431746,0.49
44,Miami,Florida,417650,0.15
45,Oakland,California,406253,0.01
46,Minneapolis,Minnesota,400070,0.05
47,Tulsa,Oklahoma,398121,0.01
48,Cleveland,Ohio,390113,-0.18
49,Wichita,Kansas,386552,0.1
50,Arlington,Texas,379577,0.13
51,New Orleans,Louisiana,378715,-0.22
52,Bakersfield,California,363630,0.48
53,Tampa,Florida,352957,0.16
54,Honolulu,Hawaii,347884,-0.06
55,Aurora,Colorado,345803,0.24
56,Anaheim,California,345012,0.05
57,Santa Ana,California,334227,-0.01
58,St. Louis,Missouri,318416,-0.08
59,Riverside,California,316619,0.23
60,Corpus Christi,Texas,316381,0.14
61,Lexington-Fayette,Kentucky,308428,0.18
62,Pittsburgh,Pennsylvania,305841,-0.08
63,Anchorage,Alaska,300950,0.15
64,Stockton,California,298118,0.22
65,Cincinnati,Ohio,297517,-0.1
66,St. Paul,Minnesota,294873,0.03
67,Toledo,Ohio,282313,-0.1
68,Greensboro,North Carolina,279639,0.22
69,Newark,New Jersey,278427,0.02
70,Plano,Texas,274409,0.22
71,Henderson,Nevada,270811,0.51
72,Lincoln,Nebraska,268738,0.18
73,Buffalo,New York,258959,-0.11
74,Jersey City,New Jersey,257342,0.07
75,Chula Vista,California,256780,0.46
76,Fort Wayne,Indiana,256496,0.01
77,Orlando,Florida,255483,0.31
78,St. Petersburg,Florida,249688,0
79,Chandler,Arizona,249146,0.39
80,Laredo,Texas,248142,0.38
81,Norfolk,Virginia,246139,0.05
82,Durham,North Carolina,245475,0.3
83,Madison,Wisconsin,243344,0.16
84,Lubbock,Texas,239538,0.2
85,Irvine,California,236716,0.61
86,Winston-Salem,North Carolina,236441,0.17
87,Glendale,Arizona,234632,0.06
88,Garland,Texas,234566,0.09
89,Hialeah,Florida,233394,0.03
90,Reno,Nevada,233294,0.27
91,Chesapeake,Virginia,230571,0.15
92,Gilbert,Arizona,229972,0.96
93,Baton Rouge,Louisiana,229426,0
94,Irving,Texas,228653,0.19
95,Scottsdale,Arizona,226918,0.11
96,North Las Vegas,Nevada,226877,0.92
97,Fremont,California,224922,0.1
98,Boise City,Idaho,214237,0.1
99,Richmond,Virginia,214114,0.08
100,San Bernardino,California,213708,0.13
101,Birmingham,Alabama,212113,-0.12
102,Spokane,Washington,210721,0.07
103,Rochester,New York,210358,-0.04
104,Des Moines,Iowa,207510,0.04
105,Modesto,California,204933,0.08
106,Fayetteville,North Carolina,204408,0.02
107,Tacoma,Washington,203446,0.05
108,Oxnard,California,203007,0.18
109,Fontana,California,203003,0.38
110,Columbus,Georgia,202824,0.09
111,Montgomery,Alabama,201332,0
112,Moreno Valley,California,201175,0.4
113,Shreveport,Louisiana,200327,0
114,Aurora,Illinois,199963,0.38
115,Yonkers,New York,199766,0.02
116,Akron,Ohio,198100,-0.09
117,Huntington Beach,California,197575,0.04
118,Little Rock,Arkansas,197357,0.08
119,Augusta-Richmond County,Georgia,197350,0.01
120,Amarillo,Texas,196429,0.13
121,Glendale,California,196021,0
122,Mobile,Alabama,194899,-0.02
123,Grand Rapids,Michigan,192294,-0.03
124,Salt Lake City,Utah,191180,0.05
125,Tallahassee,Florida,186411,0.22
126,Huntsville,Alabama,186254,0.16
127,Grand Prairie,Texas,183372,0.43
128,Knoxville,Tennessee,183270,0.04
129,Worcester,Massachusetts,182544,0.06
130,Newport News,Virginia,182020,0.01
131,Brownsville,Texas,181860,0.27
132,Overland Park,Kansas,181260,0.19
133,Santa Clarita,California,179590,0.15
134,Providence,Rhode Island,177994,0.02
135,Garden Grove,California,175140,0.06
136,Chattanooga,Tennessee,173366,0.11
137,Oceanside,California,172794,0.07
138,Jackson,Mississippi,172638,-0.07
139,Fort Lauderdale,Florida,172389,0.01
140,Santa Rosa,California,171990,0.15
141,Rancho Cucamonga,California,171386,0.33
142,Port St. Lucie,Florida,171016,0.92
143,Tempe,Arizona,168228,0.06
144,Ontario,California,167500,0.06
145,Vancouver,Washington,167405,0.14
146,Cape Coral,Florida,165831,0.6
147,Sioux Falls,South Dakota,164676,0.31
148,Springfield,Missouri,164122,0.08
149,Peoria,Arizona,162592,0.47
150,Pembroke Pines,Florida,162329,0.17
151,Elk Grove,California,161007,0.97
152,Salem,Oregon,160614,0.16
153,Lancaster,California,159523,0.34
154,Corona,California,159503,0.24
155,Eugene,Oregon,159190,0.14
156,Palmdale,California,157161,0.34
157,Salinas,California,155662,0.08
158,Springfield,Massachusetts,153703,0.01
159,Pasadena,Texas,152735,0.08
160,Fort Collins,Colorado,152061,0.27
161,Hayward,California,151574,0.08
162,Pomona,California,151348,0.02
163,Cary,North Carolina,151088,0.55
164,Rockford,Illinois,150251,-0.01
165,Alexandria,Virginia,148892,0.15
166,Escondido,California,148738,0.11
167,McKinney,Texas,148559,1.65
168,Kansas City,Kansas,148483,0.01
169,Joliet,Illinois,147806,0.37
170,Sunnyvale,California,147559,0.12
171,Torrance,California,147478,0.07
172,Bridgeport,Connecticut,147216,0.05
173,Lakewood,Colorado,147214,0.02
174,Hollywood,Florida,146526,0.05
175,Paterson,New Jersey,145948,-0.02
176,Naperville,Illinois,144864,0.12
177,Syracuse,New York,144669,-0.01
178,Mesquite,Texas,143484,0.15
179,Dayton,Ohio,143355,-0.14
180,Savannah,Georgia,142772,0.08
181,Clarksville,Tennessee,142357,0.37
182,Orange,California,139969,0.08
183,Pasadena,California,139731,0.04
184,Fullerton,California,138981,0.1
185,Killeen,Texas,137147,0.52
186,Frisco,Texas,136791,2.88
187,Hampton,Virginia,136699,-0.07
188,McAllen,Texas,136639,0.28
189,Warren,Michigan,134873,-0.02
190,Bellevue,Washington,133992,0.19
191,West Valley City,Utah,133579,0.22
192,Columbia,South Carolina,133358,0.12
193,Olathe,Kansas,131885,0.4
194,Sterling Heights,Michigan,131224,0.05
195,New Haven,Connecticut,130660,0.06
196,Miramar,Florida,130288,0.75
197,Waco,Texas,129030,0.13
198,Thousand Oaks,California,128731,0.1
199,Cedar Rapids,Iowa,128429,0.05
200,Charleston,South Carolina,127999,0.29
201,Visalia,California,127763,0.34
202,Topeka,Kansas,127679,0.03
203,Elizabeth,New Jersey,127558,0.06
204,Gainesville,Florida,127488,0.13
205,Thornton,Colorado,127359,0.53
206,Roseville,California,127035,0.56
207,Carrollton,Texas,126700,0.15
208,Coral Springs,Florida,126604,0.06
209,Stamford,Connecticut,126456,0.08
210,Simi Valley,California,126181,0.13
211,Concord,California,125880,0.03
212,Hartford,Connecticut,125017,0.01
213,Kent,Washington,124435,0.54
214,Lafayette,Louisiana,124276,0.11
215,Midland,Texas,123933,0.3
216,Surprise,Arizona,123546,2.82
217,Denton,Texas,123099,0.47
218,Victorville,California,121096,0.88
219,Evansville,Indiana,120310,-0.01
220,Santa Clara,California,120245,0.17
221,Abilene,Texas,120099,0.04
222,Athens-Clarke County,Georgia,119980,0.19
223,Vallejo,California,118837,0.01
224,Allentown,Pennsylvania,118577,0.11
225,Norman,Oklahoma,118197,0.22
226,Beaumont,Texas,117796,0.04
227,Independence,Missouri,117240,0.03
228,Murfreesboro,Tennessee,117044,0.65
229,Ann Arbor,Michigan,117025,0.02
230,Springfield,Illinois,117006,0.04
231,Berkeley,California,116768,0.13
232,Peoria,Illinois,116513,0.03
233,Provo,Utah,116288,0.1
234,El Monte,California,115708,0
235,Columbia,Missouri,115276,0.34
236,Lansing,Michigan,113972,-0.04
237,Fargo,North Dakota,113658,0.25
238,Downey,California,113242,0.05
239,Costa Mesa,California,112174,0.02
240,Wilmington,North Carolina,112067,0.25
241,Arvada,Colorado,111707,0.09
242,Inglewood,California,111542,-0.01
243,Miami Gardens,Florida,111378,0.11
244,Carlsbad,California,110972,0.4
245,Westminster,Colorado,110945,0.09
246,Rochester,Minnesota,110742,0.24
247,Odessa,Texas,110720,0.22
248,Manchester,New Hampshire,110378,0.03
249,Elgin,Illinois,110145,0.16
250,West Jordan,Utah,110077,0.38
251,Round Rock,Texas,109821,0.81
252,Clearwater,Florida,109703,0
253,Waterbury,Connecticut,109676,0.02
254,Gresham,Oregon,109397,0.21
255,Fairfield,California,109320,0.13
256,Billings,Montana,109059,0.19
257,Lowell,Massachusetts,108861,0.03
258,San Buenaventura (Ventura),California,108817,0.07
259,Pueblo,Colorado,108249,0.06
260,High Point,North Carolina,107741,0.24
261,West Covina,California,107740,0.02
262,Richmond,California,107571,0.08
263,Murrieta,California,107479,1.07
264,Cambridge,Massachusetts,107289,0.06
265,Antioch,California,107100,0.17
266,Temecula,California,106780,0.55
267,Norwalk,California,106589,0.02
268,Centennial,Colorado,106114,0.04
269,Everett,Washington,105370,0.09
270,Palm Bay,Florida,104898,0.32
271,Wichita Falls,Texas,104898,0.01
272,Green Bay,Wisconsin,104779,0.02
273,Daly City,California,104739,0.01
274,Burbank,California,104709,0.04
275,Richardson,Texas,104475,0.13
276,Pompano Beach,Florida,104410,0.04
277,North Charleston,South Carolina,104054,0.27
278,Broken Arrow,Oklahoma,103500,0.28
279,Boulder,Colorado,103166,0.09
280,West Palm Beach,Florida,102436,0.24
281,Santa Maria,California,102216,0.31
282,El Cajon,California,102211,0.07
283,Davenport,Iowa,102157,0.04
284,Rialto,California,101910,0.1
285,Las Cruces,New Mexico,101324,0.38
286,San Mateo,California,101128,0.09
287,Lewisville,Texas,101074,0.29
288,South Bend,Indiana,100886,-0.07
289,Lakeland,Florida,100710,0.18
290,Erie,Pennsylvania,100671,-0.03
291,Tyler,Texas,100223,0.19
292,Pearland,Texas,100065,1.17
293,College Station,Texas,100050,0.45
294,Kenosha,Wisconsin,99889,0.1
295,Sandy Springs,Georgia,99770,0.17
296,Clovis,California,99769,0.43
297,Flint,Michigan,99763,-0.2
298,Roanoke,Virginia,98465,0.04
299,Albany,New York,98424,0.04
300,Jurupa Valley,California,98030,
301,Compton,California,97877,0.05
302,San Angelo,Texas,97492,0.1
303,Hillsboro,Oregon,97368,0.36
304,Lawton,Oklahoma,97151,0.05
305,Renton,Washington,97003,0.88
306,Vista,California,96929,0.08
307,Davie,Florida,96830,0.18
308,Greeley,Colorado,96539,0.23
309,Mission Viejo,California,96346,0.03
310,Portsmouth,Virginia,96205,-0.04
311,Dearborn,Michigan,95884,-0.02
312,South Gate,California,95677,-0.01
313,Tuscaloosa,Alabama,95334,0.21
314,Livonia,Michigan,95208,-0.05
315,New Bedford,Massachusetts,95078,0.01
316,Vacaville,California,94275,0.05
317,Brockton,Massachusetts,94089,0
318,Roswell,Georgia,94034,0.15
319,Beaverton,Oregon,93542,0.17
320,Quincy,Massachusetts,93494,0.06
321,Sparks,Nevada,93282,0.39
322,Yakima,Washington,93257,0.12
323,Lee's Summit,Missouri,93184,0.31
324,Federal Way,Washington,92734,0.09
325,Carson,California,92599,0.03
326,Santa Monica,California,92472,0.1
327,Hesperia,California,92147,0.46
328,Allen,Texas,92020,1.04
329,Rio Rancho,New Mexico,91956,0.74
330,Yuma,Arizona,91923,0.16
331,Westminster,California,91739,0.04
332,Orem,Utah,91648,0.09
333,Lynn,Massachusetts,91589,0.03
334,Redding,California,91119,0.12
335,Spokane Valley,Washington,91113,0.13
336,Miami Beach,Florida,91026,0.03
337,League City,Texas,90983,0.98
338,Lawrence,Kansas,90811,0.13
339,Santa Barbara,California,90412,0.01
340,Plantation,Florida,90268,0.09
341,Sandy,Utah,90231,0.01
342,Sunrise,Florida,90116,0.05
343,Macon,Georgia,89981,-0.07
344,Longmont,Colorado,89919,0.24
345,Boca Raton,Florida,89407,0.08
346,San Marcos,California,89387,0.6
347,Greenville,North Carolina,89130,0.42
348,Waukegan,Illinois,88826,0.01
349,Fall River,Massachusetts,88697,-0.04
350,Chico,California,88077,0.14
351,Newton,Massachusetts,87971,0.05
352,San Leandro,California,87965,0.1
353,Reading,Pennsylvania,87893,0.08
354,Norwalk,Connecticut,87776,0.06
355,Fort Smith,Arkansas,87650,0.09
356,Newport Beach,California,87273,0.1
357,Asheville,North Carolina,87236,0.2
358,Nashua,New Hampshire,87137,0
359,Edmond,Oklahoma,87004,0.27
360,Whittier,California,86635,0.03
361,Nampa,Idaho,86518,0.58
362,Bloomington,Minnesota,86319,0.01
363,Deltona,Florida,86290,0.23
364,Hawthorne,California,86199,0.02
365,Duluth,Minnesota,86128,0
366,Carmel,Indiana,85927,0.6
367,Suffolk,Virginia,85728,0.34
368,Clifton,New Jersey,85390,0.08
369,Citrus Heights,California,85285,0
370,Livermore,California,85156,0.15
371,Tracy,California,84691,0.46
372,Alhambra,California,84577,-0.01
373,Kirkland,Washington,84430,0.88
374,Trenton,New Jersey,84349,-0.01
375,Ogden,Utah,84249,0.09
376,Hoover,Alabama,84126,0.33
377,Cicero,Illinois,84103,-0.02
378,Fishers,Indiana,83891,1.15
379,Sugar Land,Texas,83860,0.29
380,Danbury,Connecticut,83684,0.11
381,Meridian,Idaho,83596,1.28
382,Indio,California,83539,0.66
383,Concord,North Carolina,83506,0.47
384,Menifee,California,83447,0.95
385,Champaign,Illinois,83424,0.18
386,Buena Park,California,82882,0.06
387,Troy,Michigan,82821,0.02
388,O'Fallon,Missouri,82809,0.63
389,Johns Creek,Georgia,82788,0.37
390,Bellingham,Washington,82631,0.22
391,Westland,Michigan,82578,-0.05
392,Bloomington,Indiana,82575,0.16
393,Sioux City,Iowa,82459,-0.03
394,Warwick,Rhode Island,81971,-0.05
395,Hemet,California,81750,0.38
396,Longview,Texas,81443,0.12
397,Farmington Hills,Michigan,81295,-0.01
398,Bend,Oregon,81236,0.54
399,Lakewood,California,81121,0.02
400,Merced,California,81102,0.25
401,Mission,Texas,81050,0.75
402,Chino,California,80988,0.16
403,Redwood City,California,80872,0.07
404,Edinburg,Texas,80836,0.65
405,Cranston,Rhode Island,80566,0.01
406,Parma,Ohio,80429,-0.06
407,New Rochelle,New York,79446,0.1
408,Lake Forest,California,79312,0.04
409,Napa,California,79068,0.08
410,Hammond,Indiana,78967,-0.05
411,Fayetteville,Arkansas,78960,0.33
412,Bloomington,Illinois,78902,0.2
413,Avondale,Arizona,78822,1.12
414,Somerville,Massachusetts,78804,0.02
415,Palm Coast,Florida,78740,1.37
416,Bryan,Texas,78709,0.19
417,Gary,Indiana,78450,-0.23
418,Largo,Florida,78409,0.05
419,Brooklyn Park,Minnesota,78373,0.16
420,Tustin,California,78327,0.16
421,Racine,Wisconsin,78199,-0.04
422,Deerfield Beach,Florida,78041,0.05
423,Lynchburg,Virginia,78014,0.2
424,Mountain View,California,77846,0.1
425,Medford,Oregon,77677,0.17
426,Lawrence,Massachusetts,77657,0.08
427,Bellflower,California,77593,0.06
428,Melbourne,Florida,77508,0.06
429,St. Joseph,Missouri,77147,0.04
430,Camden,New Jersey,76903,-0.04
431,St. George,Utah,76817,0.53
432,Kennewick,Washington,76762,0.29
433,Baldwin Park,California,76635,0.01
434,Chino Hills,California,76572,0.14
435,Alameda,California,76419,0.05
436,Albany,Georgia,76185,-0.01
437,Arlington Heights,Illinois,75994,-0.01
438,Scranton,Pennsylvania,75806,0
439,Evanston,Illinois,75570,0.02
440,Kalamazoo,Michigan,75548,-0.02
441,Baytown,Texas,75418,0.13
442,Upland,California,75413,0.1
443,Springdale,Arkansas,75229,0.57
444,Bethlehem,Pennsylvania,75018,0.05
445,Schaumburg,Illinois,74907,-0.01
446,Mount Pleasant,South Carolina,74885,0.53
447,Auburn,Washington,74860,0.35
448,Decatur,Illinois,74710,-0.09
449,San Ramon,California,74513,0.66
450,Pleasanton,California,74110,0.15
451,Wyoming,Michigan,74100,0.07
452,Lake Charles,Louisiana,74024,0.03
453,Plymouth,Minnesota,73987,0.12
454,Bolingbrook,Illinois,73936,0.3
455,Pharr,Texas,73790,0.56
456,Appleton,Wisconsin,73596,0.05
457,Gastonia,North Carolina,73209,0.08
458,Folsom,California,73098,0.39
459,Southfield,Michigan,73006,-0.07
460,Rochester Hills,Michigan,72952,0.06
461,New Britain,Connecticut,72939,0.02
462,Goodyear,Arizona,72864,2.71
463,Canton,Ohio,72535,-0.1
464,Warner Robins,Georgia,72531,0.46
465,Union City,California,72528,0.07
466,Perris,California,72326,0.99
467,Manteca,California,71948,0.43
468,Iowa City,Iowa,71591,0.14
469,Jonesboro,Arkansas,71551,0.28
470,Wilmington,Delaware,71525,-0.02
471,Lynwood,California,71371,0.02
472,Loveland,Colorado,71334,0.37
473,Pawtucket,Rhode Island,71172,-0.03
474,Boynton Beach,Florida,71097,0.17
475,Waukesha,Wisconsin,71016,0.08
476,Gulfport,Mississippi,71012,-0.01
477,Apple Valley,California,70924,0.3
478,Passaic,New Jersey,70868,0.04
479,Rapid City,South Dakota,70812,0.18
480,Layton,Utah,70790,0.2
481,Lafayette,Indiana,70373,0.15
482,Turlock,California,70365,0.24
483,Muncie,Indiana,70316,-0.01
484,Temple,Texas,70190,0.27
485,Missouri City,Texas,70185,0.31
486,Redlands,California,69999,0.09
487,Santa Fe,New Mexico,69976,0.11
488,Lauderhill,Florida,69813,0.04
489,Milpitas,California,69783,0.11
490,Palatine,Illinois,69350,0.05
491,Missoula,Montana,69122,0.2
492,Rock Hill,South Carolina,69103,0.36
493,Jacksonville,North Carolina,69079,0.05
494,Franklin,Tennessee,68886,0.49
495,Flagstaff,Arizona,68667,0.29
496,Flower Mound,Texas,68609,0.33
497,Weston,Florida,68388,0.35
498,Waterloo,Iowa,68366,-0.01
499,Union City,New Jersey,68247,0.02
500,Mount Vernon,New York,68224,0
501,Fort Myers,Florida,68190,0.31
502,Dothan,Alabama,68001,0.17
503,Rancho Cordova,California,67911,0.26
504,Redondo Beach,California,67815,0.07
505,Jackson,Tennessee,67685,0.13
506,Pasco,Washington,67599,0.99
507,St. Charles,Missouri,67569,0.11
508,Eau Claire,Wisconsin,67545,0.09
509,North Richland Hills,Texas,67317,0.2
510,Bismarck,North Dakota,67034,0.2
511,Yorba Linda,California,67032,0.13
512,Kenner,Louisiana,66975,-0.05
513,Walnut Creek,California,66900,0.04
514,Frederick,Maryland,66893,0.26
515,Oshkosh,Wisconsin,66778,0.05
516,Pittsburg,California,66695,0.17
517,Palo Alto,California,66642,0.14
518,Bossier City,Louisiana,66333,0.17
519,Portland,Maine,66318,0.03
520,St. Cloud,Minnesota,66297,0.11
521,Davis,California,66205,0.12
522,South San Francisco,California,66174,0.09
523,Camarillo,California,66086,0.15
524,North Little Rock,Arkansas,66075,0.09
525,Schenectady,New York,65902,0.07
526,Gaithersburg,Maryland,65690,0.24
527,Harlingen,Texas,65665,0.12
528,Woodbury,Minnesota,65656,0.4
529,Eagan,Minnesota,65453,0.03
530,Yuba City,California,65416,0.28
531,Maple Grove,Minnesota,65415,0.27
532,Youngstown,Ohio,65184,-0.2
533,Skokie,Illinois,65176,0.03
534,Kissimmee,Florida,65173,0.33
535,Johnson City,Tennessee,65123,0.16
536,Victoria,Texas,65098,0.08
537,San Clemente,California,65040,0.29
538,Bayonne,New Jersey,65028,0.05
539,Laguna Niguel,California,64652,0.03
540,East Orange,New Jersey,64544,-0.07
541,Shawnee,Kansas,64323,0.32
542,Homestead,Florida,64079,1.01
544,Rockville,Maryland,64072,0.34
543,Delray Beach,Florida,64072,0.06
545,Janesville,Wisconsin,63820,0.06
546,Conway,Arkansas,63816,0.46
547,Pico Rivera,California,63771,0
548,Lorain,Ohio,63710,-0.07
549,Montebello,California,63495,0.02
550,Lodi,California,63338,0.1
551,New Braunfels,Texas,63279,0.64
552,Marysville,Washington,63269,1.16
553,Tamarac,Florida,63155,0.13
554,Madera,California,63105,0.44
555,Conroe,Texas,63032,0.62
556,Santa Cruz,California,62864,0.13
557,Eden Prairie,Minnesota,62603,0.13
558,Cheyenne,Wyoming,62448,0.17
559,Daytona Beach,Florida,62316,-0.02
560,Alpharetta,Georgia,62298,0.34
561,Hamilton,Ohio,62258,0.03
562,Waltham,Massachusetts,62227,0.05
563,Coon Rapids,Minnesota,62103,0.01
564,Haverhill,Massachusetts,62088,0.05
565,Council Bluffs,Iowa,61969,0.06
566,Taylor,Michigan,61817,-0.06
567,Utica,New York,61808,0.02
568,Ames,Iowa,61792,0.21
569,La Habra,California,61653,0.04
570,Encinitas,California,61588,0.06
571,Bowling Green,Kentucky,61488,0.24
572,Burnsville,Minnesota,61434,0.02
573,Greenville,South Carolina,61397,0.08
574,West Des Moines,Iowa,61255,0.3
575,Cedar Park,Texas,61238,1.34
576,Tulare,California,61170,0.33
577,Monterey Park,California,61085,0.02
578,Vineland,New Jersey,61050,0.09
579,Terre Haute,Indiana,61025,0.03
580,North Miami,Florida,61007,0.02
581,Mansfield,Texas,60872,1.14
582,West Allis,Wisconsin,60697,-0.01
583,Bristol,Connecticut,60568,0
584,Taylorsville,Utah,60519,0.03
585,Malden,Massachusetts,60509,0.07
586,Meriden,Connecticut,60456,0.04
587,Blaine,Minnesota,60407,0.33
588,Wellington,Florida,60202,0.55
589,Cupertino,California,60189,0.14
590,Springfield,Oregon,60177,0.12
591,Rogers,Arkansas,60112,0.51
592,St. Clair Shores,Michigan,60070,-0.05
593,Gardena,California,59957,0.03
594,Pontiac,Michigan,59887,-0.11
595,National City,California,59834,0.1
596,Grand Junction,Colorado,59778,0.31
597,Rocklin,California,59738,0.6
598,Chapel Hill,North Carolina,59635,0.24
599,Casper,Wyoming,59628,0.2
600,Broomfield,Colorado,59471,0.5
601,Petaluma,California,59440,0.08
602,South Jordan,Utah,59366,1
603,Springfield,Ohio,59357,-0.1
604,Great Falls,Montana,59351,0.04
605,Lancaster,Pennsylvania,59325,0.05
606,North Port,Florida,59212,1.55
607,Lakewood,Washington,59097,0.01
608,Marietta,Georgia,59089,-0.04
609,San Rafael,California,58994,0.05
610,Royal Oak,Michigan,58946,-0.02
611,Des Plaines,Illinois,58918,0.03
612,Huntington Park,California,58879,-0.04
613,La Mesa,California,58642,0.07
614,Orland Park,Illinois,58590,0.14
615,Auburn,Alabama,58582,0.26
616,Lakeville,Minnesota,58562,0.34
617,Owensboro,Kentucky,58416,0.08
618,Moore,Oklahoma,58414,0.42
619,Jupiter,Florida,58298,0.46
620,Idaho Falls,Idaho,58292,0.14
621,Dubuque,Iowa,58253,0.01
622,Bartlett,Tennessee,58226,0.32
623,Rowlett,Texas,58043,0.29
624,Novi,Michigan,57960,0.22
625,White Plains,New York,57866,0.09
626,Arcadia,California,57639,0.08
627,Redmond,Washington,57530,0.26
628,Lake Elsinore,California,57525,0.97
629,Ocala,Florida,57468,0.21
630,Tinley Park,Illinois,57282,0.16
631,Port Orange,Florida,57203,0.23
632,Medford,Massachusetts,57170,0.03
633,Oak Lawn,Illinois,57073,0.03
634,Rocky Mount,North Carolina,56954,-0.03
635,Kokomo,Indiana,56895,0.21
636,Coconut Creek,Florida,56792,0.28
637,Bowie,Maryland,56759,0.09
638,Berwyn,Illinois,56758,0.05
639,Midwest City,Oklahoma,56756,0.05
640,Fountain Valley,California,56707,0.03
641,Buckeye,Arizona,56683,4.81
642,Dearborn Heights,Michigan,56620,-0.03
643,Woodland,California,56590,0.14
644,Noblesville,Indiana,56540,0.88
645,Valdosta,Georgia,56481,0.22
646,Diamond Bar,California,56449,0
647,Manhattan,Kansas,56143,0.23
648,Santee,California,56105,0.06
649,Taunton,Massachusetts,56069,0
650,Sanford,Florida,56002,0.43
651,Kettering,Ohio,55870,-0.03
652,New Brunswick,New Jersey,55831,0.16
653,Decatur,Alabama,55816,0.03
654,Chicopee,Massachusetts,55717,0.02
655,Anderson,Indiana,55670,-0.07
656,Margate,Florida,55456,0.03
657,Weymouth Town,Massachusetts,55419,
658,Hempstead,New York,55361,0.04
659,Corvallis,Oregon,55298,0.12
660,Eastvale,California,55191,
661,Porterville,California,55174,0.2
662,West Haven,Connecticut,55046,0.05
663,Brentwood,California,55000,1.22
664,Paramount,California,54980,-0.01
665,Grand Forks,North Dakota,54932,0.12
666,Georgetown,Texas,54898,0.92
667,St. Peters,Missouri,54842,0.07
668,Shoreline,Washington,54790,0.03
669,Mount Prospect,Illinois,54771,-0.03
670,Hanford,California,54686,0.3
671,Normal,Illinois,54664,0.2
672,Rosemead,California,54561,0.02
673,Lehi,Utah,54382,1.76
674,Pocatello,Idaho,54350,0.05
675,Highland,California,54291,0.21
676,Novato,California,54194,0.13
677,Port Arthur,Texas,54135,-0.06
678,Carson City,Nevada,54080,0.03
679,San Marcos,Texas,54076,0.49
680,Hendersonville,Tennessee,54068,0.32
681,Elyria,Ohio,53956,-0.04
682,Revere,Massachusetts,53756,0.13
683,Pflugerville,Texas,53752,1.23
684,Greenwood,Indiana,53665,0.46
685,Bellevue,Nebraska,53663,0.21
686,Wheaton,Illinois,53648,-0.03
687,Smyrna,Georgia,53438,0.2
688,Sarasota,Florida,53326,0.01
689,Blue Springs,Missouri,53294,0.1
690,Colton,California,53243,0.11
691,Euless,Texas,53224,0.15
692,Castle Rock,Colorado,53063,1.54
693,Cathedral City,California,52977,0.23
694,Kingsport,Tennessee,52962,0.17
695,Lake Havasu City,Arizona,52844,0.25
696,Pensacola,Florida,52703,-0.06
697,Hoboken,New Jersey,52575,0.36
698,Yucaipa,California,52536,0.27
699,Watsonville,California,52477,0.13
700,Richland,Washington,52413,0.35
701,Delano,California,52403,0.32
702,Hoffman Estates,Illinois,52398,0.05
703,Florissant,Missouri,52363,-0.03
704,Placentia,California,52206,0.12
705,West New York,New Jersey,52122,0.13
706,Dublin,California,52105,0.7
707,Oak Park,Illinois,52066,-0.01
708,Peabody,Massachusetts,52044,0.08
709,Perth Amboy,New Jersey,51982,0.1
710,Battle Creek,Michigan,51848,-0.03
711,Bradenton,Florida,51763,0.03
712,Gilroy,California,51701,0.24
713,Milford,Connecticut,51644,0.02
714,Albany,Oregon,51583,0.26
715,Ankeny,Iowa,51567,0.87
716,La Crosse,Wisconsin,51522,-0.01
717,Burlington,North Carolina,51510,0.12
718,DeSoto,Texas,51483,0.36
719,Harrisonburg,Virginia,51395,0.27
720,Minnetonka,Minnesota,51368,0
721,Elkhart,Indiana,51265,-0.03
722,Lakewood,Ohio,51143,-0.09
723,Glendora,California,51074,0.03
724,Southaven,Mississippi,50997,0.73
725,Charleston,West Virginia,50821,-0.05
726,Joplin,Missouri,50789,0.11
727,Enid,Oklahoma,50725,0.08
728,Palm Beach Gardens,Florida,50699,0.4
729,Brookhaven,Georgia,50603,
730,Plainfield,New Jersey,50588,0.06
731,Grand Island,Nebraska,50550,0.16
732,Palm Desert,California,50508,0.13
733,Huntersville,North Carolina,50458,0.93
734,Tigard,Oregon,50444,0.18
735,Lenexa,Kansas,50344,0.25
736,Saginaw,Michigan,50303,-0.18
737,Kentwood,Michigan,50233,0.11
738,Doral,Florida,50213,1.38
739,Apple Valley,Minnesota,50201,0.09
740,Grapevine,Texas,50195,0.18
741,Aliso Viejo,California,50175,0.25
742,Sammamish,Washington,50169,0.44
743,Casa Grande,Arizona,50111,0.86
744,Pinellas Park,Florida,49998,0.06
745,Troy,New York,49974,0.02
746,West Sacramento,California,49891,0.56
747,Burien,Washington,49858,0.57
748,Commerce City,Colorado,49799,1.35
749,Monroe,Louisiana,49761,-0.06
750,Cerritos,California,49707,-0.04
751,Downers Grove,Illinois,49670,0
752,Coral Gables,Florida,49631,0.16
753,Wilson,North Carolina,49628,0.1
754,Niagara Falls,New York,49468,-0.11
755,Poway,California,49417,0.02
756,Edina,Minnesota,49376,0.04
757,Cuyahoga Falls,Ohio,49267,0
758,Rancho Santa Margarita,California,49228,0.05
759,Harrisburg,Pennsylvania,49188,0.01
760,Huntington,West Virginia,49177,-0.05
761,La Mirada,California,49133,0.05
762,Cypress,California,49087,0.05
763,Caldwell,Idaho,48957,0.77
764,Logan,Utah,48913,0.15
765,Galveston,Texas,48733,-0.15
766,Sheboygan,Wisconsin,48725,-0.04
767,Middletown,Ohio,48630,-0.06
768,Murray,Utah,48612,0.07
769,Roswell,New Mexico,48611,0.08
770,Parker,Colorado,48608,0.96
771,Bedford,Texas,48592,0.03
772,East Lansing,Michigan,48554,0.04
773,Methuen,Massachusetts,48514,0.1
774,Covina,California,48508,0.03
775,Alexandria,Louisiana,48426,0.04
776,Olympia,Washington,48338,0.12
777,Euclid,Ohio,48139,-0.08
778,Mishawaka,Indiana,47989,0.02
779,Salina,Kansas,47846,0.05
780,Azusa,California,47842,0.07
781,Newark,Ohio,47777,0.03
782,Chesterfield,Missouri,47749,0.02
783,Leesburg,Virginia,47673,0.66
784,Dunwoody,Georgia,47591,
785,Hattiesburg,Mississippi,47556,0.03
786,Roseville,Michigan,47555,-0.01
787,Bonita Springs,Florida,47547,0.44
788,Portage,Michigan,47523,0.06
789,St. Louis Park,Minnesota,47411,0.07
790,Collierville,Tennessee,47333,0.43
791,Middletown,Connecticut,47333,0.04
792,Stillwater,Oklahoma,47186,0.2
793,East Providence,Rhode Island,47149,-0.03
794,Lawrence,Indiana,47135,0.21
795,Wauwatosa,Wisconsin,47134,0
796,Mentor,Ohio,46979,-0.07
797,Ceres,California,46714,0.34
798,Cedar Hill,Texas,46663,0.42
799,Mansfield,Ohio,46454,-0.1
800,Binghamton,New York,46444,-0.02
801,Coeur d'Alene,Idaho,46402,0.33
802,San Luis Obispo,California,46377,0.04
803,Minot,North Dakota,46321,0.27
804,Palm Springs,California,46281,0.08
805,Pine Bluff,Arkansas,46094,-0.16
806,Texas City,Texas,46081,0.1
807,Summerville,South Carolina,46074,0.63
808,Twin Falls,Idaho,45981,0.32
809,Jeffersonville,Indiana,45929,0.53
810,San Jacinto,California,45851,0.92
811,Madison,Alabama,45799,0.54
812,Altoona,Pennsylvania,45796,-0.07
813,Columbus,Indiana,45775,0.16
814,Beavercreek,Ohio,45712,0.19
815,Apopka,Florida,45587,0.64
816,Elmhurst,Illinois,45556,0.06
817,Maricopa,Arizona,45508,25.03
818,Farmington,New Mexico,45426,0.18
819,Glenview,Illinois,45417,0.05
820,Cleveland Heights,Ohio,45394,-0.1
821,Draper,Utah,45285,0.77
822,Lincoln,California,45237,2.85
823,Sierra Vista,Arizona,45129,0.19
824,Lacey,Washington,44919,0.42
825,Biloxi,Mississippi,44820,-0.12
826,Strongsville,Ohio,44730,0.02
827,Barnstable Town,Massachusetts,44641,-0.07
828,Wylie,Texas,44575,1.85
829,Sayreville,New Jersey,44412,0.1
830,Kannapolis,North Carolina,44359,0.19
831,Charlottesville,Virginia,44349,0.11
832,Littleton,Colorado,44275,0.09
833,Titusville,Florida,44206,0.08
834,Hackensack,New Jersey,44113,0.03
835,Newark,California,44096,0.03
836,Pittsfield,Massachusetts,44057,-0.04
837,York,Pennsylvania,43935,0.06
838,Lombard,Illinois,43907,0.03
839,Attleboro,Massachusetts,43886,0.05
840,DeKalb,Illinois,43849,0.12
841,Blacksburg,Virginia,43609,0.09
842,Dublin,Ohio,43607,0.38
843,Haltom City,Texas,43580,0.11
844,Lompoc,California,43509,0.06
845,El Centro,California,43363,0.14
846,Danville,California,43341,0.04
847,Jefferson City,Missouri,43330,0.07
848,Cutler Bay,Florida,43328,0.43
849,Oakland Park,Florida,43286,0.03
850,North Miami Beach,Florida,43250,0.04
851,Freeport,New York,43167,-0.01
852,Moline,Illinois,43116,-0.02
853,Coachella,California,43092,0.88
854,Fort Pierce,Florida,43074,0.07
855,Smyrna,Tennessee,43060,0.55
856,Bountiful,Utah,43023,0.04
857,Fond du Lac,Wisconsin,42970,0.02
858,Everett,Massachusetts,42935,0.12
859,Danville,Virginia,42907,-0.11
860,Keller,Texas,42907,0.53
861,Belleville,Illinois,42895,0.01
862,Bell Gardens,California,42889,-0.03
863,Cleveland,Tennessee,42774,0.14
864,North Lauderdale,Florida,42757,0.11
865,Fairfield,Ohio,42635,0.01
866,Salem,Massachusetts,42544,0.05
867,Rancho Palos Verdes,California,42448,0.03
868,San Bruno,California,42443,0.06
869,Concord,New Hampshire,42419,0.04
870,Burlington,Vermont,42284,0.06
871,Apex,North Carolina,42214,0.99
872,Midland,Michigan,42181,0.01
873,Altamonte Springs,Florida,42150,0.02
874,Hutchinson,Kansas,41889,0
875,Buffalo Grove,Illinois,41778,-0.03
876,Urbandale,Iowa,41776,0.42
877,State College,Pennsylvania,41757,0.09
878,Urbana,Illinois,41752,0.1
879,Plainfield,Illinois,41734,2.04
880,Manassas,Virginia,41705,0.2
881,Bartlett,Illinois,41679,0.13
882,Kearny,New Jersey,41664,0.03
883,Oro Valley,Arizona,41627,0.27
884,Findlay,Ohio,41512,0.06
885,Rohnert Park,California,41398,0
887,Westfield,Massachusetts,41301,0.03
886,Linden,New Jersey,41301,0.05
888,Sumter,South Carolina,41190,0.01
889,Wilkes-Barre,Pennsylvania,41108,-0.04
890,Woonsocket,Rhode Island,41026,-0.05
891,Leominster,Massachusetts,41002,-0.01
892,Shelton,Connecticut,40999,0.07
893,Brea,California,40963,0.15
894,Covington,Kentucky,40956,-0.05
895,Rockwall,Texas,40922,1.17
896,Meridian,Mississippi,40921,-0.01
897,Riverton,Utah,40921,0.62
898,St. Cloud,Florida,40918,0.86
899,Quincy,Illinois,40915,0.01
900,Morgan Hill,California,40836,0.2
901,Warren,Ohio,40768,-0.15
902,Edmonds,Washington,40727,0.03
903,Burleson,Texas,40714,0.85
904,Beverly,Massachusetts,40664,0.02
905,Mankato,Minnesota,40641,0.25
906,Hagerstown,Maryland,40612,0.1
907,Prescott,Arizona,40590,0.18
908,Campbell,California,40584,0.04
909,Cedar Falls,Iowa,40566,0.12
910,Beaumont,California,40481,2.55
911,La Puente,California,40435,-0.02
912,Crystal Lake,Illinois,40388,0.05
913,Fitchburg,Massachusetts,40383,0.04
914,Carol Stream,Illinois,40379,0
915,Hickory,North Carolina,40361,0.07
916,Streamwood,Illinois,40351,0.1
917,Norwich,Connecticut,40347,0.12
918,Coppell,Texas,40342,0.1
919,San Gabriel,California,40275,0.01
920,Holyoke,Massachusetts,40249,0.01
921,Bentonville,Arkansas,40167,0.98
922,Florence,Alabama,40059,0.1
923,Peachtree Corners,Georgia,40059,
924,Brentwood,Tennessee,40021,0.52
925,Bozeman,Montana,39860,0.42
926,New Berlin,Wisconsin,39834,0.04
927,Goose Creek,South Carolina,39823,0.26
928,Huntsville,Texas,39795,0.13
929,Prescott Valley,Arizona,39791,0.63
930,Maplewood,Minnesota,39765,0.12
931,Romeoville,Illinois,39650,0.8
932,Duncanville,Texas,39605,0.1
933,Atlantic City,New Jersey,39551,-0.02
934,Clovis,New Mexico,39508,0.21
935,The Colony,Texas,39458,0.46
936,Culver City,California,39428,0.01
937,Marlborough,Massachusetts,39414,0.08
938,Hilton Head Island,South Carolina,39412,0.16
939,Moorhead,Minnesota,39398,0.21
940,Calexico,California,39389,0.44
941,Bullhead City,Arizona,39383,0.16
942,Germantown,Tennessee,39375,0.04
943,La Quinta,California,39331,0.6
944,Lancaster,Ohio,39325,0.11
945,Wausau,Wisconsin,39309,0.02
946,Sherman,Texas,39296,0.12
947,Ocoee,Florida,39172,0.58
948,Shakopee,Minnesota,39167,0.86
949,Woburn,Massachusetts,39083,0.04
950,Bremerton,Washington,39056,0.05
951,Rock Island,Illinois,38877,-0.02
952,Muskogee,Oklahoma,38863,-0.01
953,Cape Girardeau,Missouri,38816,0.09
954,Annapolis,Maryland,38722,0.08
955,Greenacres,Florida,38696,0.36
956,Ormond Beach,Florida,38661,0.06
957,Hallandale Beach,Florida,38632,0.12
958,Stanton,California,38623,0.03
959,Puyallup,Washington,38609,0.12
960,Pacifica,California,38606,0.01
961,Hanover Park,Illinois,38510,0.01
962,Hurst,Texas,38448,0.06
963,Lima,Ohio,38355,-0.08
964,Marana,Arizona,38290,1.66
965,Carpentersville,Illinois,38241,0.23
966,Oakley,California,38194,0.48
967,Huber Heights,Ohio,38142,0
968,Lancaster,Texas,38071,0.46
969,Montclair,California,38027,0.12
970,Wheeling,Illinois,38015,0.05
971,Brookfield,Wisconsin,37999,-0.02
972,Park Ridge,Illinois,37839,0
973,Florence,South Carolina,37792,0.2
974,Roy,Utah,37733,0.13
975,Winter Garden,Florida,37711,1.43
976,Chelsea,Massachusetts,37670,0.07
977,Valley Stream,New York,37659,0.04
978,Spartanburg,South Carolina,37647,-0.06
979,Lake Oswego,Oregon,37610,0.05
980,Friendswood,Texas,37587,0.29
981,Westerville,Ohio,37530,0.06
982,Northglenn,Colorado,37499,0.16
983,Phenix City,Alabama,37498,0.32
984,Grove City,Ohio,37490,0.36
985,Texarkana,Texas,37442,0.07
986,Addison,Illinois,37385,0.03
987,Dover,Delaware,37366,0.16
988,Lincoln Park,Michigan,37313,-0.07
989,Calumet City,Illinois,37240,-0.05
990,Muskegon,Michigan,37213,-0.07
991,Aventura,Florida,37199,0.47
992,Martinez,California,37165,0.03
993,Greenfield,Wisconsin,37159,0.05
994,Apache Junction,Arizona,37130,0.16
995,Monrovia,California,37101,0
996,Weslaco,Texas,37093,0.29
997,Keizer,Oregon,37064,0.14
998,Spanish Fork,Utah,36956,0.78
999,Beloit,Wisconsin,36888,0.03
1000,Panama City,Florida,36877,0
